﻿{"paragraphs":[{"text":"%md\n# Basic Machine Learning using DBMS_PREDICTIVE_ANALYTICS\n\nOne of the capabilities available in the Oracle Database is the DBMS_PREDICTIVE_ANALYTICS PL/SQL Package.  Predictive analytics is a technology that captures data mining processes in simple routines.  Sometimes called \"one-click data mining,\" predictive analytics simplifies and automates the data mining process.\n\nPredictive analytics uses data mining technology, but knowledge of data mining is not needed to use predictive analytics. You can use predictive analytics simply by specifying an operation to perform on your data. You do not need to create or use explicit mining models or to deeply understand the mining functions and algorithms.\n\nThere are three Oracle Predictive Analytics Operations:\n\n- EXPLAIN: Explains how individual predictors (columns) affect the variation of values in a target column\n\n- PREDICT: For each case (row), predicts the values in a target column\n\n- PROFILE: Creates a set of rules for cases (rows) that imply the same target value\n\n\nDocumentation Links:\nhttps://docs.oracle.com/en/database/oracle/oracle-database/18/dmapi/introduction-to-oracle-data-mining.html\nhttps://docs.oracle.com/en/database/oracle/oracle-database/18/arpls/DBMS_PREDICTIVE_ANALYTICS.html\n\n\n\n","user":"DAVE","dateUpdated":"2018-03-27T23:15:16+0000","config":{"colWidth":12,"editorMode":"ace/mode/markdown","editorHide":true,"graph":{"mode":"table","optionOpen":false,"keys":[],"values":[],"scatter":{},"groups":[],"height":300},"enabled":true},"settings":{"params":{},"forms":{}},"jobName":"paragraph_1522194524599_1788610736","id":"20180327-234844_856227526","result":{"msg":"<h1>Basic Machine Learning using DBMS_PREDICTIVE_ANALYTICS</h1>\n<p>One of the capabilities available in the Oracle Database is the DBMS_PREDICTIVE_ANALYTICS PL/SQL Package.  Predictive analytics is a technology that captures data mining processes in simple routines.  Sometimes called &ldquo;one-click data mining,&rdquo; predictive analytics simplifies and automates the data mining process.</p>\n<p>Predictive analytics uses data mining technology, but knowledge of data mining is not needed to use predictive analytics. You can use predictive analytics simply by specifying an operation to perform on your data. You do not need to create or use explicit mining models or to deeply understand the mining functions and algorithms.</p>\n<p>There are three Oracle Predictive Analytics Operations:</p>\n<ul>\n<li><p>EXPLAIN: Explains how individual predictors (columns) affect the variation of values in a target column</p>\n</li>\n<li><p>PREDICT: For each case (row), predicts the values in a target column</p>\n</li>\n<li><p>PROFILE: Creates a set of rules for cases (rows) that imply the same target value</p>\n</li>\n</ul>\n<p>Documentation Links:\n<br  />https://docs.oracle.com/en/database/oracle/oracle-database/18/dmapi/introduction-to-oracle-data-mining.html\n<br  />https://docs.oracle.com/en/database/oracle/oracle-database/18/arpls/DBMS_PREDICTIVE_ANALYTICS.html</p>\n","code":"SUCCESS","type":"HTML"},"dateCreated":"2018-03-25T19:43:31+0000","dateStarted":"2018-03-27T23:15:11+0000","dateFinished":"2018-03-27T23:15:11+0000","status":"FINISHED","progressUpdateIntervalMs":500,"commited":true,"$$hashKey":"object:115"},{"text":"%md \n# EXPLAIN\n\nThe EXPLAIN procedure identifies the attributes that are important in explaining the variation in values of a target column.  The records in a specified data table/view are used by the procedure to train a model that calculates the attribute importance. \n\nThe EXPLAIN procedure creates a result table that lists the attributes in order of their explanatory power.  The results table column EXPLANATORY_VALUE indicates how useful the column is for determining the value of the explained column. Higher values indicate greater explanatory power. Value can range from 0 to 1.\n\nAn explanatory power value of 0 implies there is no useful correlation between the column's values and the explain column's values. An explanatory power of 1 implies perfect correlation; such columns should be eliminated from consideration for PREDICT. In practice, an explanatory power equal to 1 is rarely returned. \n\n\nLink:\nhttps://docs.oracle.com/en/database/oracle/oracle-database/18/arpls/DBMS_PREDICTIVE_ANALYTICS.html#GUID-5A5DEECD-6521-4D8D-BA0D-D49EE1194A3C\n","user":"DAVE","dateUpdated":"2018-03-25T21:05:30+0000","config":{"colWidth":12,"editorMode":"ace/mode/markdown","editorHide":true,"graph":{"mode":"table","optionOpen":false,"keys":[],"values":[],"scatter":{},"groups":[],"height":300},"enabled":true},"settings":{"params":{},"forms":{}},"jobName":"paragraph_1522194524599_1407463753","id":"20180327-234844_795134003","result":{"msg":"<h1>EXPLAIN</h1>\n<p>The EXPLAIN procedure identifies the attributes that are important in explaining the variation in values of a target column.  The records in a specified data table/view are used by the procedure to train a model that calculates the attribute importance.</p>\n<p>The EXPLAIN procedure creates a result table that lists the attributes in order of their explanatory power.  The results table column EXPLANATORY_VALUE indicates how useful the column is for determining the value of the explained column. Higher values indicate greater explanatory power. Value can range from 0 to 1.</p>\n<p>An explanatory power value of 0 implies there is no useful correlation between the column's values and the explain column's values. An explanatory power of 1 implies perfect correlation; such columns should be eliminated from consideration for PREDICT. In practice, an explanatory power equal to 1 is rarely returned.</p>\n<p>Link:\n<br  />https://docs.oracle.com/en/database/oracle/oracle-database/18/arpls/DBMS_PREDICTIVE_ANALYTICS.html#GUID-5A5DEECD-6521-4D8D-BA0D-D49EE1194A3C</p>\n","code":"SUCCESS","type":"HTML"},"dateCreated":"2018-03-25T19:52:32+0000","dateStarted":"2018-03-25T21:05:26+0000","dateFinished":"2018-03-25T21:05:26+0000","status":"FINISHED","progressUpdateIntervalMs":500,"commited":true,"$$hashKey":"object:116"},{"title":"Script to rank columns in order of influence of explaining the HOME_THEATER_PACKAGE column","text":"%script\n\n--use a view to select from the sample SH schema\nCREATE OR REPLACE VIEW ml_data_view\nAS\nSELECT * FROM SH.supplementary_demographics;\n\n--drop result table if necessary\nDROP TABLE demographics_explain_result;\n\n--Perform EXPLAIN operation \nBEGIN \n    DBMS_PREDICTIVE_ANALYTICS.EXPLAIN( \n        data_table_name      => 'ml_data_view', \n        explain_column_name  => 'home_theater_package', \n        result_table_name    => 'demographics_explain_result'); \nEND; \n/ \n--Display results \nSELECT * FROM demographics_explain_result;","user":"DAVE","dateUpdated":"2018-03-25T21:05:50+0000","config":{"colWidth":12,"editorMode":"ace/mode/plsql","title":true,"graph":{"mode":"table","optionOpen":false,"keys":[],"values":[],"scatter":{},"groups":[],"height":300},"enabled":true},"settings":{"params":{},"forms":{}},"jobName":"paragraph_1522194524599_-295809710","id":"20180327-234844_167764279","result":{"msg":"\nView ML_DATA_VIEW created.\n\n\n---------------------------\n\nTable DEMOGRAPHICS_EXPLAIN_RESULT dropped.\n\n\n---------------------------\n\nPL/SQL procedure successfully completed.\n\n\n---------------------------\nATTRIBUTE_NAME            ATTRIBUTE_SUBNAME   EXPLANATORY_VALUE                              RANK   \nY_BOX_GAMES                                       0.5243110737647105889568384716321334748809      1 \nYRS_RESIDENCE                                     0.5032845098927582349840487649130173095877      2 \nHOUSEHOLD_SIZE                                    0.1473307752664903199357842617487944634989      3 \nAFFINITY_CARD                                     0.0598227001342761293905384900376358690409      4 \nEDUCATION                                         0.0326160268896072033385069802779114678531      5 \nCOMMENTS                                          0.0250642691336367553476751904069275745222      6 \nOCCUPATION                                        0.0222119484820151063047455580308822907523      7 \nFLAT_PANEL_MONITOR                              0.000137330755155407340598092069322462150968      8 \nOS_DOC_SET_KANJI                                                                           0      9 \nCUST_ID                                                                                    0      9 \nBULK_PACK_DISKETTES                                                                        0      9 \nBOOKKEEPING_APPLICATION                                                                    0      9 \nPRINTER_SUPPLIES                                                                           0      9 \n\n\n13 rows selected. \n\n\n---------------------------\n","code":"SUCCESS","type":"TEXT"},"dateCreated":"2018-03-25T19:44:09+0000","dateStarted":"2018-03-25T19:48:50+0000","dateFinished":"2018-03-25T19:48:54+0000","status":"FINISHED","progressUpdateIntervalMs":500,"commited":true,"$$hashKey":"object:117"},{"title":"Query to display columns influence/explanatory rank graphically","text":"%sql\nSELECT * FROM demographics_explain_result \nWHERE explanatory_value>0 \nORDER BY rank;","user":"DAVE","dateUpdated":"2018-03-25T21:06:10+0000","config":{"colWidth":12,"editorMode":"ace/mode/osql","title":true,"graph":{"mode":"multiBarChart","optionOpen":false,"keys":[{"name":"ATTRIBUTE_NAME","index":0,"aggr":"sum"}],"values":[{"name":"EXPLANATORY_VALUE","index":2,"aggr":"sum"}],"scatter":{"yAxis":{"name":"ATTRIBUTE_SUBNAME","index":1,"aggr":"sum"},"xAxis":{"name":"ATTRIBUTE_NAME","index":0,"aggr":"sum"}},"groups":[],"height":300},"enabled":true},"settings":{"params":{},"forms":{}},"jobName":"paragraph_1522194524599_-849090389","id":"20180327-234844_1085377814","result":{"msg":"ATTRIBUTE_NAME\tATTRIBUTE_SUBNAME\tEXPLANATORY_VALUE\tRANK\nY_BOX_GAMES\t\t5.24311073764710588956838471632133474881E-01\t1\nYRS_RESIDENCE\t\t5.03284509892758234984048764913017309588E-01\t2\nHOUSEHOLD_SIZE\t\t1.47330775266490319935784261748794463499E-01\t3\nAFFINITY_CARD\t\t5.98227001342761293905384900376358690409E-02\t4\nEDUCATION\t\t3.26160268896072033385069802779114678531E-02\t5\nCOMMENTS\t\t2.50642691336367553476751904069275745222E-02\t6\nOCCUPATION\t\t2.22119484820151063047455580308822907523E-02\t7\nFLAT_PANEL_MONITOR\t\t1.37330755155407340598092069322462150968E-04\t8\n","code":"SUCCESS","comment":"","type":"TABLE"},"dateCreated":"2018-03-25T19:48:50+0000","dateStarted":"2018-03-25T19:50:06+0000","dateFinished":"2018-03-25T19:50:06+0000","status":"FINISHED","progressUpdateIntervalMs":500,"commited":true,"$$hashKey":"object:118"},{"text":"%md\n### Assessing the output of the EXPLAIN\n\nThe above results show that the Y_BOX_GAMES, YRS_RESIDENCE, and HOUSEHOLD_SIZE columns are the best predictors of HOME_THEATER_PACKAGE column. ","user":"DAVE","dateUpdated":"2018-03-25T21:06:31+0000","config":{"colWidth":12,"editorMode":"ace/mode/markdown","editorHide":true,"graph":{"mode":"table","optionOpen":false,"keys":[],"values":[],"scatter":{},"groups":[],"height":300},"enabled":true},"settings":{"params":{},"forms":{}},"jobName":"paragraph_1522194524599_1983456168","id":"20180327-234844_876328200","result":{"msg":"<h3>Assessing the output of the EXPLAIN</h3>\n<p>The above results show that the Y_BOX_GAMES, YRS_RESIDENCE, and HOUSEHOLD_SIZE columns are the best predictors of HOME_THEATER_PACKAGE column.</p>\n","code":"SUCCESS","type":"HTML"},"dateCreated":"2018-03-25T19:56:11+0000","dateStarted":"2018-03-25T21:06:29+0000","dateFinished":"2018-03-25T21:06:29+0000","status":"FINISHED","progressUpdateIntervalMs":500,"commited":true,"$$hashKey":"object:119"},{"text":"%md\n# PREDICT\n\nThe PREDICT procedure predicts the values of a target column.  It can work with categorical (classification problems) or numerical (regression problems) target columns.\n\nThe records of the data table are used by the procedure to train and test a model that makes the predictions. The PREDICT procedure creates a result table that contains a predicted target value for every record.\n\nThe procedure returns an output parameter (accuracy) that returns the predictive confidence, a measure of the accuracy of the predicted values. The predictive confidence for a categorical target is the most common target value; the predictive confidence for a numerical target is the mean.\n\nFor the results table,\nPREDICTION: The predicted value of the target column for the given case.\nPROBABILITY: For classification (categorical target), the probability of the prediction. For regression problems (numerical target), this column contains NULL. \n\nLinks:\nhttps://docs.oracle.com/en/database/oracle/oracle-database/18/arpls/DBMS_PREDICTIVE_ANALYTICS.html#GUID-2B5B965D-3F2E-48F4-8373-21C1B7BDCE97\n\n","user":"DAVE","dateUpdated":"2018-03-28T00:15:58+0000","config":{"colWidth":12,"editorMode":"ace/mode/markdown","editorHide":true,"graph":{"mode":"table","optionOpen":false,"keys":[],"values":[],"scatter":{},"groups":[],"height":300},"enabled":true},"settings":{"params":{},"forms":{}},"jobName":"paragraph_1522194524599_1596686161","id":"20180327-234844_1033357036","result":{"code":"SUCCESS","type":"HTML","msg":"<h1>PREDICT</h1>\n<p>The PREDICT procedure predicts the values of a target column.  It can work with categorical (classification problems) or numerical (regression problems) target columns.</p>\n<p>The records of the data table are used by the procedure to train and test a model that makes the predictions. The PREDICT procedure creates a result table that contains a predicted target value for every record.</p>\n<p>The procedure returns an output parameter (accuracy) that returns the predictive confidence, a measure of the accuracy of the predicted values. The predictive confidence for a categorical target is the most common target value; the predictive confidence for a numerical target is the mean.</p>\n<p>For the results table,\n<br  />PREDICTION: The predicted value of the target column for the given case.\n<br  />PROBABILITY: For classification (categorical target), the probability of the prediction. For regression problems (numerical target), this column contains NULL.</p>\n<p>Links:\n<br  />https://docs.oracle.com/en/database/oracle/oracle-database/18/arpls/DBMS_PREDICTIVE_ANALYTICS.html#GUID-2B5B965D-3F2E-48F4-8373-21C1B7BDCE97</p>\n"},"dateCreated":"2018-03-25T19:49:23+0000","dateStarted":"2018-03-28T00:15:56+0000","dateFinished":"2018-03-28T00:15:56+0000","status":"FINISHED","progressUpdateIntervalMs":500,"commited":true,"$$hashKey":"object:120"},{"title":"Example to PREDICT whether each customer has an affinity card","text":"%script\n\n--we will split our data into a TRAIN and TEST dataset\n\n--use a TRAIN view and pick 60% of the rows\nCREATE OR REPLACE VIEW ml_data_view_train\nAS\nSELECT * FROM SH.supplementary_demographics SAMPLE(60) SEED (1);\n\n--use a TEST view with the leftover data\nCREATE OR REPLACE VIEW ml_data_view_test\nAS\nSELECT * FROM SH.supplementary_demographics MINUS SELECT * FROM ml_data_view_train;\n\n--create a master view with the target column null for the TEST data\nCREATE OR REPLACE VIEW ml_data_view AS\nselect a.cust_id,\na.EDUCATION ,\na.OCCUPATION ,\na.HOUSEHOLD_SIZE ,\na.YRS_RESIDENCE ,\na.BULK_PACK_DISKETTES ,\na.FLAT_PANEL_MONITOR ,\na.HOME_THEATER_PACKAGE ,\na.BOOKKEEPING_APPLICATION ,\na.PRINTER_SUPPLIES ,\na.Y_BOX_GAMES ,\na.OS_DOC_SET_KANJI ,\na.COMMENTS ,\na.AFFINITY_CARD\nFROM ml_data_view_train a\nUNION ALL\nselect a.cust_id,\na.EDUCATION ,\na.OCCUPATION ,\na.HOUSEHOLD_SIZE ,\na.YRS_RESIDENCE ,\na.BULK_PACK_DISKETTES ,\na.FLAT_PANEL_MONITOR ,\na.HOME_THEATER_PACKAGE ,\na.BOOKKEEPING_APPLICATION ,\na.PRINTER_SUPPLIES ,\na.Y_BOX_GAMES ,\na.OS_DOC_SET_KANJI ,\na.COMMENTS ,\nnull\nFROM ml_data_view_test a;\n\n\n--drop result table if necessary\nDROP TABLE demographics_predict_result;\n\n--Perform PREDICT operation \nDECLARE \n    v_accuracy NUMBER(10,9); \nBEGIN \n    DBMS_PREDICTIVE_ANALYTICS.PREDICT( \n        accuracy             => v_accuracy, \n        data_table_name      => 'ml_data_view', \n        case_id_column_name  => 'cust_id', \n        target_column_name   => 'affinity_card', \n        result_table_name    => 'demographics_predict_result'); \n    DBMS_OUTPUT.PUT_LINE('Accuracy = ' || v_accuracy); \nEND; \n/\n\n--Display first 10 predictions\nSELECT * FROM demographics_predict_result WHERE rownum < 10;","user":"DAVE","dateUpdated":"2018-03-25T21:09:24+0000","config":{"colWidth":12,"editorMode":"ace/mode/plsql","title":true,"graph":{"mode":"table","optionOpen":false,"keys":[],"values":[],"scatter":{},"groups":[],"height":300},"enabled":true},"settings":{"params":{},"forms":{}},"jobName":"paragraph_1522194524599_-1664904333","id":"20180327-234844_1268219440","result":{"msg":"\nView ML_DATA_VIEW_TRAIN created.\n\n\n---------------------------\n\nView ML_DATA_VIEW_TEST created.\n\n\n---------------------------\n\nView ML_DATA_VIEW created.\n\n\n---------------------------\n\nTable DEMOGRAPHICS_PREDICT_RESULT dropped.\n\n\n---------------------------\nAccuracy = .801349074\n\n\nPL/SQL procedure successfully completed.\n\n\n---------------------------\nCUST_ID   PREDICTION   PROBABILITY           \n   100100            1 0.9999724643088858    \n   100200            0 0.9999999999771026    \n   100300            1 0.9706877692486704    \n   100400            0 0.9999999999771026    \n   100500            0 0.999999974890009     \n   100600            0 0.9999999419743548    \n   100700            1 0.02931223075176951   \n   100800            1 0.9706877692483367    \n   100900            0 0.9871009581823049    \n\n\n9 rows selected. \n\n\n---------------------------\n","code":"SUCCESS","type":"TEXT"},"dateCreated":"2018-03-25T19:57:36+0000","dateStarted":"2018-03-25T21:09:24+0000","dateFinished":"2018-03-25T21:09:28+0000","status":"FINISHED","progressUpdateIntervalMs":500,"commited":true,"$$hashKey":"object:121"},{"title":"Query to compare test data actual to predicted values","text":"%sql \nselect t.cust_id, t.affinity_card actual_affinity_card, p.prediction predicted_affinity_card, p.probability\nFROM ml_data_view_test t, demographics_predict_result p\nWHERE t.cust_id =p.cust_id\nAND rownum<100;\n\n","user":"DAVE","dateUpdated":"2018-03-28T00:15:25+0000","config":{"colWidth":12,"editorMode":"ace/mode/osql","title":true,"graph":{"mode":"table","optionOpen":false,"keys":[{"name":"CUST_ID","index":0,"aggr":"sum"}],"values":[],"scatter":{"yAxis":null,"xAxis":{"name":"CUST_ID","index":0,"aggr":"sum"}},"groups":[],"height":300},"enabled":true},"settings":{"params":{},"forms":{}},"jobName":"paragraph_1522194524599_16819661","id":"20180327-234844_125997929","result":{"code":"SUCCESS","type":"TABLE","msg":"CUST_ID\tACTUAL_AFFINITY_CARD\tPREDICTED_AFFINITY_CARD\tPROBABILITY\n100010\t0\t0\t0.999999974890009\n100016\t0\t0\t0.9706877692488934\n100022\t1\t1\t0.999999974890009\n100023\t0\t1\t0.9706877692482768\n100030\t0\t0\t0.9999999999771026\n100032\t0\t0\t0.9706877692489989\n100034\t1\t1\t0.9706877692487333\n100036\t0\t1\t0.9706877692485315\n100039\t1\t1\t0.9706877692487615\n100048\t0\t0\t0.999972464308885\n100051\t0\t0\t0.999999974890009\n100054\t0\t0\t0.9999880840319841\n100057\t1\t1\t0.9999724643088858\n100059\t1\t0\t0.9706877692485947\n100065\t0\t0\t0.999999974890009\n100090\t0\t0\t0.9999724643088853\n100093\t0\t0\t0.9706877692490438\n100099\t0\t0\t0.9706877692491487\n100100\t1\t1\t0.9999724643088858\n100102\t0\t0\t0.999999974890009\n100117\t0\t0\t0.9999724643088855\n100118\t1\t1\t0.970687769248685\n100119\t0\t0\t0.9999724643088855\n100121\t0\t0\t0.999999974890009\n100124\t0\t0\t0.9999724643088855\n100125\t0\t0\t0.999999974890009\n100130\t0\t0\t0.9999917674084419\n100134\t0\t1\t0.029312230751518512\n100150\t0\t1\t0.9706877692485822\n100155\t0\t0\t0.9706877692487205\n100156\t1\t1\t0.970687769248467\n100167\t0\t0\t0.9999724643088853\n100173\t1\t1\t0.9999724643088855\n100177\t0\t0\t0.999999974890009\n100180\t0\t0\t0.999999974890009\n100182\t0\t0\t0.9999724643088858\n100188\t0\t0\t0.999972464308885\n100190\t0\t1\t0.9706877692488953\n100192\t1\t1\t0.9706877692488488\n100197\t0\t1\t0.029312230751545727\n100198\t0\t0\t0.9999999999470874\n100199\t0\t0\t0.9999993647399564\n100201\t0\t0\t0.9999999999771026\n100203\t0\t0\t0.999999974890009\n100205\t0\t0\t0.9999999999771026\n100207\t0\t0\t0.9999724643088855\n100208\t0\t0\t0.999988084031984\n100213\t0\t0\t0.999999974890009\n100222\t0\t0\t0.9706877692485935\n100232\t1\t1\t0.9999999999771028\n100235\t0\t0\t0.9910525720257016\n100251\t0\t0\t0.9999724643088852\n100254\t1\t1\t0.9999999999771028\n100274\t0\t0\t0.9706877692492919\n100275\t0\t0\t0.999988084031984\n100278\t1\t0\t0.970687769248786\n100288\t0\t0\t0.9999999999771026\n100292\t0\t0\t0.999999974890009\n100300\t1\t1\t0.9706877692486704\n100301\t0\t1\t0.02931223075149972\n100309\t1\t1\t0.9999724643088862\n100312\t0\t0\t0.999988084031984\n100315\t0\t0\t0.970687769248883\n100317\t0\t0\t0.9999724643088854\n100330\t1\t1\t0.9999724643088851\n100331\t0\t0\t0.9999880840319841\n100345\t0\t1\t0.02931223075166857\n100346\t0\t0\t0.999999974890009\n100373\t0\t0\t0.9999999419743548\n100386\t0\t0\t0.999972464308886\n100388\t0\t0\t0.9706877692486608\n100398\t0\t0\t0.9999724643088858\n100414\t0\t0\t0.999999974890009\n100415\t0\t1\t0.02931223075165335\n100422\t0\t0\t0.9999724643088852\n100428\t0\t0\t0.9999999999771026\n100441\t0\t0\t0.9999724643088854\n100446\t1\t1\t0.9999724643088851\n100452\t0\t0\t0.999999974890009\n100454\t0\t0\t0.999999974890009\n100456\t0\t0\t0.9706877692486802\n100470\t0\t0\t0.9706877692486665\n100476\t1\t1\t0.999972464308886\n100477\t0\t0\t0.9706877692486243\n100485\t0\t0\t0.9999999999771026\n100486\t1\t1\t0.9999999999771028\n100493\t1\t0\t0.9706877692489471\n100501\t0\t0\t0.999999974890009\n100511\t1\t0\t0.9706877692488493\n100518\t0\t0\t0.9999724643088853\n100525\t0\t1\t0.9706877692489961\n100527\t1\t1\t0.9706877692486986\n100530\t0\t0\t0.9999724643088853\n100537\t0\t0\t0.9999724643088855\n100541\t1\t1\t0.02931223075160814\n100544\t1\t1\t0.9999724643088858\n100545\t0\t0\t0.999999974890009\n100554\t0\t0\t0.9706877692486282\n100555\t0\t0\t0.9999724643088854\n","comment":""},"dateCreated":"2018-03-25T20:05:15+0000","dateStarted":"2018-03-28T00:15:25+0000","dateFinished":"2018-03-28T00:15:25+0000","status":"FINISHED","progressUpdateIntervalMs":500,"commited":true,"$$hashKey":"object:122"},{"title":"Comparing the number of correct predictions versus incorrect predictions for our test data","text":"%sql\nselect 'results' results, sum(case when affinity_card=prediction then 1 else 0 end) num_correct,\n  sum(case when affinity_card!=prediction then 1 else 0 end) num_incorrect\nfrom (select t.cust_id, t.affinity_card, p.prediction, p.probability\nFROM ml_data_view_test t, demographics_predict_result p\nWHERE t.cust_id =p.cust_id) test_results\n\n","user":"DAVE","dateUpdated":"2018-03-28T00:14:53+0000","config":{"colWidth":12,"editorMode":"ace/mode/osql","graph":{"mode":"multiBarChart","optionOpen":false,"keys":[{"name":"RESULTS","index":0,"aggr":"sum"}],"values":[{"name":"NUM_CORRECT","index":1,"aggr":"sum"},{"name":"NUM_INCORRECT","index":2,"aggr":"sum"}],"scatter":{"yAxis":{"name":"NUM_CORRECT","index":1,"aggr":"sum"},"xAxis":{"name":"RESULTS","index":0,"aggr":"sum"}},"groups":[],"height":300},"enabled":true,"title":true},"settings":{"params":{},"forms":{}},"jobName":"paragraph_1522194524599_190426545","id":"20180327-234844_1861805412","result":{"msg":"RESULTS\tNUM_CORRECT\tNUM_INCORRECT\nresults\t1661\t193\n","code":"SUCCESS","comment":"","type":"TABLE"},"dateCreated":"2018-03-25T20:19:27+0000","dateStarted":"2018-03-25T21:11:42+0000","dateFinished":"2018-03-25T21:11:42+0000","status":"FINISHED","progressUpdateIntervalMs":500,"commited":true,"$$hashKey":"object:123"},{"text":"%md\n### Assessing the output of the PREDICT example\n\nThe above results show that the PREDICT has correctly predicted that the customer has an affinity card more often than predicting incorrectly.\n","user":"DAVE","dateUpdated":"2018-03-25T21:12:35+0000","config":{"colWidth":12,"editorMode":"ace/mode/markdown","editorHide":true,"graph":{"mode":"table","optionOpen":false,"keys":[],"values":[],"scatter":{},"groups":[],"height":300},"enabled":true},"settings":{"params":{},"forms":{}},"jobName":"paragraph_1522194524599_-1550178564","id":"20180327-234844_1834741489","result":{"msg":"<h3>Assessing the output of the PREDICT example</h3>\n<p>The above results show that the PREDICT has correctly predicted that the customer has an affinity card more often than predicting incorrectly.</p>\n","code":"SUCCESS","type":"HTML"},"dateCreated":"2018-03-25T20:30:38+0000","dateStarted":"2018-03-25T21:12:29+0000","dateFinished":"2018-03-25T21:12:29+0000","status":"FINISHED","progressUpdateIntervalMs":500,"commited":true,"$$hashKey":"object:124"},{"text":"%md \n# Extra Credit: PROFILE\n\nThe final DBMS_PREDICTIVE_ANALYTICS operation is PROFILE.  This is listed as extra credit, because it will take some additonal effort to interpret the results as the results are provided in XML format.  You should consult the PROFILE documentation to help you understand it.\n","user":"DAVE","dateUpdated":"2018-03-25T21:13:03+0000","config":{"colWidth":12,"editorMode":"ace/mode/markdown","editorHide":true,"graph":{"mode":"table","optionOpen":false,"keys":[],"values":[],"scatter":{},"groups":[],"height":300},"enabled":true},"settings":{"params":{},"forms":{}},"jobName":"paragraph_1522194524599_1282564024","id":"20180327-234844_500005780","result":{"msg":"<h1>Extra Credit: PROFILE</h1>\n<p>The final DBMS_PREDICTIVE_ANALYTICS operation is PROFILE.  This is listed as extra credit, because it will take some additonal effort to interpret the results as the results are provided in XML format.  You should consult the PROFILE documentation to help you understand it.</p>\n","code":"SUCCESS","type":"HTML"},"dateCreated":"2018-03-25T20:43:48+0000","dateStarted":"2018-03-25T21:12:45+0000","dateFinished":"2018-03-25T21:12:45+0000","status":"FINISHED","progressUpdateIntervalMs":500,"commited":true,"$$hashKey":"object:125"},{"text":"%md\n# PROFILE \n\nThe PROFILE procedure generates a list of rules that describe the cases (records) from the input data.\n\nFor example, if a target column CHURN has values 'Yes' and 'No', PROFILE generates a set of rules describing the expected outcomes.  \n\nThe PROFILE procedure creates a result table that specifies rules (profiles) and their corresponding target values.  Each profile includes a rule, record count, and a score distribution.  The rules are expressed in XML syntax, so you likely will use SQL/XML functions like extract() and extractvalue() to work with the results.\n\n\nLinks:\nhttps://docs.oracle.com/en/database/oracle/oracle-database/18/arpls/DBMS_PREDICTIVE_ANALYTICS.html#GUID-D6636F50-FACA-4658-ADE0-7EAF3725E0BE\n","user":"DAVE","dateUpdated":"2018-03-25T21:15:12+0000","config":{"colWidth":12,"editorMode":"ace/mode/markdown","editorHide":true,"graph":{"mode":"table","optionOpen":false,"keys":[],"values":[],"scatter":{},"groups":[],"height":300},"enabled":true},"settings":{"params":{},"forms":{}},"jobName":"paragraph_1522194524599_-1229389133","id":"20180327-234844_239577759","result":{"msg":"<h1>PROFILE</h1>\n<p>The PROFILE procedure generates a list of rules that describe the cases (records) from the input data.</p>\n<p>For example, if a target column CHURN has values 'Yes' and 'No', PROFILE generates a set of rules describing the expected outcomes.</p>\n<p>The PROFILE procedure creates a result table that specifies rules (profiles) and their corresponding target values.  Each profile includes a rule, record count, and a score distribution.  The rules are expressed in XML syntax, so you likely will use SQL/XML functions like extract() and extractvalue() to work with the results.</p>\n<p>Links:\n<br  />https://docs.oracle.com/en/database/oracle/oracle-database/18/arpls/DBMS_PREDICTIVE_ANALYTICS.html#GUID-D6636F50-FACA-4658-ADE0-7EAF3725E0BE</p>\n","code":"SUCCESS","type":"HTML"},"dateCreated":"2018-03-25T20:28:33+0000","dateStarted":"2018-03-25T21:15:11+0000","dateFinished":"2018-03-25T21:15:11+0000","status":"FINISHED","progressUpdateIntervalMs":500,"commited":true,"$$hashKey":"object:126"},{"title":"Example to identify PROFILE rules for affinity_card based on the household_size and yrs_residence columns","text":"%script\n\n\n--use a view to select from the sample SH schema\n--Note: we are limiting ourselves to 2 columns (HOUSEHOLD_SIZE and YRS_RESIDENCE) to make interpreting the output easier\nCREATE OR REPLACE VIEW ml_data_view\nAS\nSELECT \n--a.OCCUPATION ,\na.HOUSEHOLD_SIZE ,\na.YRS_RESIDENCE  ,\n--a.EDUCATION ,\n/* a.BULK_PACK_DISKETTES ,\na.FLAT_PANEL_MONITOR ,\na.HOME_THEATER_PACKAGE ,\na.BOOKKEEPING_APPLICATION ,\na.PRINTER_SUPPLIES ,\na.Y_BOX_GAMES ,\na.OS_DOC_SET_KANJI , */\na.AFFINITY_CARD\nFROM SH.supplementary_demographics a;\n\n--drop result table if necessary\nDROP TABLE demographics_profile_result;\n\nBEGIN\n    DBMS_PREDICTIVE_ANALYTICS.PROFILE(\n         DATA_TABLE_NAME    => 'ml_data_view',\n         TARGET_COLUMN_NAME => 'affinity_card',\n         RESULT_TABLE_NAME  => 'demographics_profile_result');\nEND;\n/\n--Display results \nSELECT a.profile_id, extractvalue(a.description, '/SimpleRule/@score') target_value, a.record_count, extract(a.description, '/SimpleRule/CompoundPredicate').getstringval() rules\n--, a.description.getstringval()\nFROM demographics_profile_result a;\n","user":"DAVE","dateUpdated":"2018-03-28T00:14:00+0000","config":{"colWidth":12,"editorMode":"ace/mode/plsql","title":true,"graph":{"mode":"table","optionOpen":false,"keys":[],"values":[],"scatter":{},"groups":[],"height":300},"enabled":true,"editorHide":false},"settings":{"params":{},"forms":{}},"jobName":"paragraph_1522194524599_-1433550827","id":"20180327-234844_658357750","result":{"code":"SUCCESS","type":"TEXT","msg":"\nView ML_DATA_VIEW created.\n\n\n---------------------------\n\nTable DEMOGRAPHICS_PROFILE_RESULT dropped.\n\n\n---------------------------\n\nPL/SQL procedure successfully completed.\n\n\n---------------------------\nPROFILE_ID   TARGET_VALUE   RECORD_COUNT   RULES                                                                                                                                                                                                                                                                                                                     \n           1 0                         483 <CompoundPredicate booleanOperator=\"and\"><SimpleSetPredicate field=\"HOUSEHOLD_SIZE\" booleanOperator=\"isIn\"><Array type=\"string\">&quot;3&quot; &quot;4-5&quot; </Array></SimpleSetPredicate><SimplePredicate field=\"YRS_RESIDENCE\" operator=\"lessOrEqual\" value=\"3.5\"/></CompoundPredicate>                                \n           2 1                        1523 <CompoundPredicate booleanOperator=\"and\"><SimpleSetPredicate field=\"HOUSEHOLD_SIZE\" booleanOperator=\"isIn\"><Array type=\"string\">&quot;3&quot; &quot;4-5&quot; </Array></SimpleSetPredicate><SimplePredicate field=\"YRS_RESIDENCE\" operator=\"greaterThan\" value=\"3.5\"/></CompoundPredicate>                                \n           3 0                        1427 <CompoundPredicate booleanOperator=\"and\"><SimpleSetPredicate field=\"HOUSEHOLD_SIZE\" booleanOperator=\"isIn\"><Array type=\"string\">&quot;1&quot; &quot;2&quot; &quot;6-8&quot; &quot;9+&quot; </Array></SimpleSetPredicate><SimplePredicate field=\"YRS_RESIDENCE\" operator=\"lessOrEqual\" value=\"3.5\"/></CompoundPredicate>   \n           4 0                        1067 <CompoundPredicate booleanOperator=\"and\"><SimpleSetPredicate field=\"HOUSEHOLD_SIZE\" booleanOperator=\"isIn\"><Array type=\"string\">&quot;1&quot; &quot;2&quot; &quot;6-8&quot; &quot;9+&quot; </Array></SimpleSetPredicate><SimplePredicate field=\"YRS_RESIDENCE\" operator=\"greaterThan\" value=\"3.5\"/></CompoundPredicate>   \n\n\n\n---------------------------\n"},"dateCreated":"2018-03-25T20:35:17+0000","dateStarted":"2018-03-28T00:13:57+0000","dateFinished":"2018-03-28T00:14:03+0000","status":"FINISHED","progressUpdateIntervalMs":500,"commited":true,"$$hashKey":"object:127"},{"text":"%md\n### Assessing the output of the PROFILE operation\n\nIn the example above, we are identifying profile rules for the HOUSEHOLD_SIZE and YRS_RESIDENCE columns that can predict the AFFINITY_CARD column.\n\nHere is a snippet of sample output (your output might vary):\n\n\n    PROFILE_ID   TARGET_VALUE   RECORD_COUNT   RULES                                                                                                                                                                                                                                                                                                                     \n           1             0             483     <CompoundPredicate booleanOperator=\"and\"><SimpleSetPredicate field=\"HOUSEHOLD_SIZE\" booleanOperator=\"isIn\"><Array type=\"string\">&quot;3&quot; &quot;4-5&quot; </Array></SimpleSetPredicate><SimplePredicate field=\"YRS_RESIDENCE\" operator=\"lessOrEqual\" value=\"3.5\"/></CompoundPredicate>                                \n           2             1            1523     <CompoundPredicate booleanOperator=\"and\"><SimpleSetPredicate field=\"HOUSEHOLD_SIZE\" booleanOperator=\"isIn\"><Array type=\"string\">&quot;3&quot; &quot;4-5&quot; </Array></SimpleSetPredicate><SimplePredicate field=\"YRS_RESIDENCE\" operator=\"greaterThan\" value=\"3.5\"/></CompoundPredicate>                                \n           \n\nWhat the above sample output tells us is that the first rule (with PROFILE_ID=1) is saying that it predicts that the AFFINITY_CARD column will be 0 when HOUSEHOLD_SIZE is in ('3','4-5') and YRS_RESIDENCE is <= 3.5.\n\n","user":"DAVE","dateUpdated":"2018-03-28T00:13:42+0000","config":{"colWidth":12,"editorMode":"ace/mode/markdown","editorHide":true,"graph":{"mode":"table","optionOpen":false,"keys":[],"values":[],"scatter":{},"groups":[],"height":300},"enabled":true},"settings":{"params":{},"forms":{}},"jobName":"paragraph_1522194524599_-1807012757","id":"20180327-234844_363062150","result":{"code":"SUCCESS","type":"HTML","msg":"<h3>Assessing the output of the PROFILE operation</h3>\n<p>In the example above, we are identifying profile rules for the HOUSEHOLD_SIZE and YRS_RESIDENCE columns that can predict the AFFINITY_CARD column.</p>\n<p>Here is a snippet of sample output (your output might vary):</p>\n<pre><code>PROFILE_ID   TARGET_VALUE   RECORD_COUNT   RULES                                                                                                                                                                                                                                                                                                                     \n       1             0             483     &lt;CompoundPredicate booleanOperator=\"and\"&gt;&lt;SimpleSetPredicate field=\"HOUSEHOLD_SIZE\" booleanOperator=\"isIn\"&gt;&lt;Array type=\"string\"&gt;&amp;quot;3&amp;quot; &amp;quot;4-5&amp;quot; &lt;/Array&gt;&lt;/SimpleSetPredicate&gt;&lt;SimplePredicate field=\"YRS_RESIDENCE\" operator=\"lessOrEqual\" value=\"3.5\"/&gt;&lt;/CompoundPredicate&gt;                                \n       2             1            1523     &lt;CompoundPredicate booleanOperator=\"and\"&gt;&lt;SimpleSetPredicate field=\"HOUSEHOLD_SIZE\" booleanOperator=\"isIn\"&gt;&lt;Array type=\"string\"&gt;&amp;quot;3&amp;quot; &amp;quot;4-5&amp;quot; &lt;/Array&gt;&lt;/SimpleSetPredicate&gt;&lt;SimplePredicate field=\"YRS_RESIDENCE\" operator=\"greaterThan\" value=\"3.5\"/&gt;&lt;/CompoundPredicate&gt;                                \n</code></pre>\n<p>What the above sample output tells us is that the first rule (with PROFILE_ID=1) is saying that it predicts that the AFFINITY_CARD column will be 0 when HOUSEHOLD_SIZE is in ('3','4-5') and YRS_RESIDENCE is &lt;= 3.5.</p>\n"},"dateCreated":"2018-03-25T20:53:14+0000","dateStarted":"2018-03-28T00:13:40+0000","dateFinished":"2018-03-28T00:13:40+0000","status":"FINISHED","progressUpdateIntervalMs":500,"commited":true,"$$hashKey":"object:128"},{"text":"%md\n# Next Steps\n\n- Experiment with DBMS_PREDICTIVE_ANALYTICS with your data\n- Review the Oracle Database Data Mining documentation: https://docs.oracle.com/en/database/oracle/oracle-database/18/dmapi/introduction-to-oracle-data-mining.html\n- Look at the DBMS_DATA_MINING sample notebooes in the Oracle ML Notebook Gallery","user":"DAVE","dateUpdated":"2018-03-25T21:18:15+0000","config":{"colWidth":12,"editorMode":"ace/mode/markdown","editorHide":true,"graph":{"mode":"table","optionOpen":false,"keys":[],"values":[],"scatter":{},"groups":[],"height":300},"enabled":true},"settings":{"params":{},"forms":{}},"jobName":"paragraph_1522194524599_-791708632","id":"20180327-234844_1665411965","result":{"msg":"<h1>Next Steps</h1>\n<ul>\n<li>Experiment with DBMS_PREDICTIVE_ANALYTICS with your data</li>\n<li>Review the Oracle Database Data Mining documentation: https://docs.oracle.com/en/database/oracle/oracle-database/18/dmapi/introduction-to-oracle-data-mining.html</li>\n<li>Look at the DBMS_DATA_MINING sample notebooes in the Oracle ML Notebook Gallery</li>\n</ul>\n","code":"SUCCESS","type":"HTML"},"dateCreated":"2018-03-25T20:34:45+0000","dateStarted":"2018-03-25T21:18:13+0000","dateFinished":"2018-03-25T21:18:13+0000","status":"FINISHED","progressUpdateIntervalMs":500,"commited":true,"$$hashKey":"object:129"},{"text":"%md ","user":"DAVE","dateUpdated":"2018-03-25T21:17:58+0000","config":{"colWidth":12,"graph":{"mode":"table","optionOpen":false,"keys":[],"values":[],"scatter":{},"groups":[],"height":300},"enabled":true,"editorMode":"ace/mode/markdown"},"settings":{"params":{},"forms":{}},"jobName":"paragraph_1522194524599_-1614123342","id":"20180327-234844_1348761304","dateCreated":"2018-03-25T21:17:58+0000","status":"READY","progressUpdateIntervalMs":500,"commited":false,"$$hashKey":"object:130"}],"name":"Basic Machine Learning","id":"7892","angularObjects":{"ORA14FCA45729:shared_process":[],"MDW381939C745:shared_process":[],"ORA73DE11F61C:shared_process":[],"ORAC81062736A:shared_process":[]},"config":{"looknfeel":"default"},"info":{}}